<?xml version="1.0" encoding="UTF-8"?>
<sbml xmlns="http://www.sbml.org/sbml/level3/version1/core" level="3" version="1">
  <model substanceUnits="mole" timeUnits="second" extentUnits="mole">
    <listOfUnitDefinitions>
      <unitDefinition id="per_second">
        <listOfUnits>
          <unit kind="second" exponent="-1" scale="0" multiplier="1"/>
        </listOfUnits>
      </unitDefinition>
      <unitDefinition id="per_min">
        <listOfUnits>
          <unit kind="second" exponent="-1" scale="0" multiplier="60"/>
        </listOfUnits>
      </unitDefinition>
      <unitDefinition id="minute">
        <listOfUnits>
          <unit kind="second" exponent="1" scale="0" multiplier="60"/>
        </listOfUnits>
      </unitDefinition>
      <unitDefinition id="seconds">
        <listOfUnits>
          <unit kind="second" exponent="1" scale="0" multiplier="1"/>
        </listOfUnits>
      </unitDefinition>
      <unitDefinition id="molperLmin">
        <listOfUnits>
          <unit kind="mole" exponent="1" scale="0" multiplier="1"/>
          <unit kind="litre" exponent="-1" scale="0" multiplier="1"/>
          <unit kind="second" exponent="-1" scale="0" multiplier="60"/>
        </listOfUnits>
      </unitDefinition>
      <unitDefinition id="molpermin">
        <listOfUnits>
          <unit kind="second" exponent="-1" scale="0" multiplier="60"/>
        </listOfUnits>
      </unitDefinition>
      <unitDefinition id="molperL">
        <listOfUnits>
          <unit kind="mole" exponent="1" scale="0" multiplier="1"/>
          <unit kind="litre" exponent="-1" scale="0" multiplier="1"/>
        </listOfUnits>
      </unitDefinition>
      <unitDefinition id="mol">
        <listOfUnits>
          <unit kind="mole" exponent="1" scale="0" multiplier="1"/>
        </listOfUnits>
      </unitDefinition>
      <unitDefinition id="Dimension_less">
        <listOfUnits>
          <unit kind="dimensionless" exponent="0" scale="0" multiplier="0"/>
        </listOfUnits>
      </unitDefinition>
    </listOfUnitDefinitions>
    <listOfCompartments>
      <compartment id="c1" spatialDimensions="3" size="1" units="litre" constant="true"/>
    </listOfCompartments>
    <listOfSpecies>
      <species id="m" compartment="c1" initialAmount="0" substanceUnits="mole" hasOnlySubstanceUnits="false" boundaryCondition="false" constant="false"/>
      <species id="p" compartment="c1" initialAmount="0" substanceUnits="mole" hasOnlySubstanceUnits="false" boundaryCondition="false" constant="false"/>
    </listOfSpecies>
    <listOfParameters>
      <parameter id="k_leak" value="2.5e-06" units="molperLmin" constant="false"/>
      <parameter id="synm" value="2.75e-07" units="molperLmin" constant="false"/>
      <parameter id="degm" value="0.255" units="per_min" constant="false"/>
      <parameter id="n" value="2.05" units="Dimension_less" constant="false"/>
      <parameter id="k_ind" value="5" units="molperL" constant="false"/>
      <parameter id="k_inhmax" value="0.5" units="Dimension_less" constant="false"/>
      <parameter id="n_inh" value="2" units="Dimension_less" constant="false"/>
      <parameter id="k_inh" value="40" units="molperL" constant="false"/>
      <parameter id="synp" value="0.01" units="per_min" constant="false"/>
      <parameter id="degp" value="0.0105" units="per_min" constant="false"/>
      <parameter id="inducer" value="0.5" units="molperL" constant="false"/>
    </listOfParameters>
    <listOfRules>
      <rateRule variable="m">
        <math xmlns="http://www.w3.org/1998/Math/MathML">
          <apply>
            <minus/>
            <apply>
              <plus/>
              <ci> k_leak </ci>
              <apply>
                <times/>
                <apply>
                  <divide/>
                  <apply>
                    <times/>
                    <ci> synm </ci>
                    <apply>
                      <power/>
                      <ci> inducer </ci>
                      <ci> n </ci>
                    </apply>
                  </apply>
                  <apply>
                    <plus/>
                    <apply>
                      <power/>
                      <ci> inducer </ci>
                      <ci> n </ci>
                    </apply>
                    <apply>
                      <power/>
                      <ci> k_ind </ci>
                      <ci> n </ci>
                    </apply>
                  </apply>
                </apply>
                <apply>
                  <minus/>
                  <cn type="integer"> 1 </cn>
                  <apply>
                    <divide/>
                    <apply>
                      <times/>
                      <ci> k_inhmax </ci>
                      <apply>
                        <power/>
                        <ci> inducer </ci>
                        <ci> n_inh </ci>
                      </apply>
                    </apply>
                    <apply>
                      <plus/>
                      <apply>
                        <power/>
                        <ci> inducer </ci>
                        <ci> n_inh </ci>
                      </apply>
                      <apply>
                        <power/>
                        <ci> k_inh </ci>
                        <ci> n_inh </ci>
                      </apply>
                    </apply>
                  </apply>
                </apply>
              </apply>
            </apply>
            <apply>
              <times/>
              <ci> degm </ci>
              <ci> m </ci>
            </apply>
          </apply>
        </math>
      </rateRule>
      <rateRule variable="p">
        <math xmlns="http://www.w3.org/1998/Math/MathML">
          <apply>
            <minus/>
            <apply>
              <times/>
              <ci> synp </ci>
              <ci> m </ci>
            </apply>
            <apply>
              <times/>
              <ci> degp </ci>
              <ci> p </ci>
            </apply>
          </apply>
        </math>
      </rateRule>
    </listOfRules>
  </model>
</sbml>
