<?xml version="1.0" encoding="UTF-8"?>
<sbml xmlns="http://www.sbml.org/sbml/level3/version1/core" level="3" version="1">
  <model substanceUnits="mole" timeUnits="second" extentUnits="mole">
    <listOfUnitDefinitions>
      <unitDefinition id="per_second">
        <listOfUnits>
          <unit kind="second" exponent="-1" scale="0" multiplier="1"/>
        </listOfUnits>
      </unitDefinition>
      <unitDefinition id="per_min">
        <listOfUnits>
          <unit kind="second" exponent="-1" scale="0" multiplier="60"/>
        </listOfUnits>
      </unitDefinition>
      <unitDefinition id="minute">
        <listOfUnits>
          <unit kind="second" exponent="1" scale="0" multiplier="60"/>
        </listOfUnits>
      </unitDefinition>
      <unitDefinition id="seconds">
        <listOfUnits>
          <unit kind="second" exponent="1" scale="0" multiplier="1"/>
        </listOfUnits>
      </unitDefinition>
      <unitDefinition id="molperLmin">
        <listOfUnits>
          <unit kind="mole" exponent="1" scale="0" multiplier="1"/>
          <unit kind="litre" exponent="-1" scale="0" multiplier="1"/>
          <unit kind="second" exponent="-1" scale="0" multiplier="60"/>
        </listOfUnits>
      </unitDefinition>
      <unitDefinition id="molpermin">
        <listOfUnits>
          <unit kind="second" exponent="-1" scale="0" multiplier="60"/>
        </listOfUnits>
      </unitDefinition>
      <unitDefinition id="molperL">
        <listOfUnits>
          <unit kind="mole" exponent="1" scale="0" multiplier="1"/>
          <unit kind="litre" exponent="-1" scale="0" multiplier="1"/>
        </listOfUnits>
      </unitDefinition>
      <unitDefinition id="mol">
        <listOfUnits>
          <unit kind="mole" exponent="1" scale="0" multiplier="1"/>
        </listOfUnits>
      </unitDefinition>
      <unitDefinition id="Dimension_less">
        <listOfUnits>
          <unit kind="dimensionless" exponent="0" scale="0" multiplier="0"/>
        </listOfUnits>
      </unitDefinition>
    </listOfUnitDefinitions>
    <listOfCompartments>
      <compartment id="c1" spatialDimensions="3" size="1" units="litre" constant="true"/>
    </listOfCompartments>
    <listOfSpecies>
      <species id="m1" compartment="c1" initialAmount="0" substanceUnits="mole" hasOnlySubstanceUnits="false" boundaryCondition="false" constant="false"/>
      <species id="p1" compartment="c1" initialAmount="0" substanceUnits="mole" hasOnlySubstanceUnits="false" boundaryCondition="false" constant="false"/>
      <species id="m2" compartment="c1" initialAmount="0" substanceUnits="mole" hasOnlySubstanceUnits="false" boundaryCondition="false" constant="false"/>
      <species id="p2" compartment="c1" initialAmount="0" substanceUnits="mole" hasOnlySubstanceUnits="false" boundaryCondition="false" constant="false"/>
      <species id="m3" compartment="c1" initialAmount="0" substanceUnits="mole" hasOnlySubstanceUnits="false" boundaryCondition="false" constant="false"/>
      <species id="p3" compartment="c1" initialAmount="0" substanceUnits="mole" hasOnlySubstanceUnits="false" boundaryCondition="false" constant="false"/>
      <species id="p3_mat" compartment="c1" initialAmount="0" substanceUnits="mole" hasOnlySubstanceUnits="false" boundaryCondition="false" constant="false"/>
    </listOfSpecies>
    <listOfParameters>
      <parameter id="k_leak1" value="1.0748e-06" units="molperLmin" constant="false"/>
      <parameter id="k_leak" value="4.089e-06" units="molperLmin" constant="false"/>
      <parameter id="synm1" value="1.3273e-06" units="molperLmin" constant="false"/>
      <parameter id="degm" value="0.1386" units="per_min" constant="false"/>
      <parameter id="synp" value="0.0001" units="per_min" constant="false"/>
      <parameter id="degp" value="0.0058" units="per_min" constant="false"/>
      <parameter id="synm2" value="2.1395e-06" units="molperLmin" constant="false"/>
      <parameter id="synm3" value="2.1094e-06" units="molperLmin" constant="false"/>
      <parameter id="p1_max" value="8.0428e-05" units="molperL" constant="false"/>
      <parameter id="p2_max" value="1.082e-06" units="molperL" constant="false"/>
      <parameter id="k_mat" value="0.8987" units="per_min" constant="false"/>
      <parameter id="state1" value="0" units="Dimension_less" constant="false"/>
      <parameter id="state2" value="0" units="Dimension_less" constant="false"/>
    </listOfParameters>
    <listOfRules>
      <rateRule variable="m1">
        <math xmlns="http://www.w3.org/1998/Math/MathML">
          <apply>
            <minus/>
            <apply>
              <plus/>
              <ci> k_leak1 </ci>
              <apply>
                <times/>
                <ci> synm1 </ci>
                <ci> state1 </ci>
              </apply>
            </apply>
            <apply>
              <times/>
              <ci> degm </ci>
              <ci> m1 </ci>
            </apply>
          </apply>
        </math>
      </rateRule>
      <rateRule variable="p1">
        <math xmlns="http://www.w3.org/1998/Math/MathML">
          <apply>
            <minus/>
            <apply>
              <times/>
              <ci> synp </ci>
              <ci> m1 </ci>
            </apply>
            <apply>
              <times/>
              <ci> degp </ci>
              <ci> p1 </ci>
            </apply>
          </apply>
        </math>
      </rateRule>
      <rateRule variable="m2">
        <math xmlns="http://www.w3.org/1998/Math/MathML">
          <apply>
            <minus/>
            <apply>
              <times/>
              <ci> synm2 </ci>
              <ci> state2 </ci>
            </apply>
            <apply>
              <times/>
              <ci> degm </ci>
              <ci> m2 </ci>
            </apply>
          </apply>
        </math>
      </rateRule>
      <rateRule variable="p2">
        <math xmlns="http://www.w3.org/1998/Math/MathML">
          <apply>
            <minus/>
            <apply>
              <times/>
              <ci> synp </ci>
              <ci> m2 </ci>
            </apply>
            <apply>
              <times/>
              <ci> degp </ci>
              <ci> p2 </ci>
            </apply>
          </apply>
        </math>
      </rateRule>
      <rateRule variable="m3">
        <math xmlns="http://www.w3.org/1998/Math/MathML">
          <apply>
            <minus/>
            <apply>
              <plus/>
              <ci> k_leak </ci>
              <apply>
                <times/>
                <ci> synm3 </ci>
                <apply>
                  <divide/>
                  <ci> p1 </ci>
                  <ci> p1_max </ci>
                </apply>
                <apply>
                  <divide/>
                  <ci> p2 </ci>
                  <ci> p2_max </ci>
                </apply>
              </apply>
            </apply>
            <apply>
              <times/>
              <ci> degm </ci>
              <ci> m3 </ci>
            </apply>
          </apply>
        </math>
      </rateRule>
      <rateRule variable="p3">
        <math xmlns="http://www.w3.org/1998/Math/MathML">
          <apply>
            <minus/>
            <apply>
              <times/>
              <ci> synp </ci>
              <ci> m3 </ci>
            </apply>
            <apply>
              <times/>
              <ci> k_mat </ci>
              <ci> p3 </ci>
            </apply>
          </apply>
        </math>
      </rateRule>
      <rateRule variable="p3_mat">
        <math xmlns="http://www.w3.org/1998/Math/MathML">
          <apply>
            <minus/>
            <apply>
              <times/>
              <ci> k_mat </ci>
              <ci> m3 </ci>
            </apply>
            <apply>
              <times/>
              <ci> degp </ci>
              <ci> p3_mat </ci>
            </apply>
          </apply>
        </math>
      </rateRule>
    </listOfRules>
  </model>
</sbml>
