<?xml version="1.0" encoding="UTF-8"?>
<sbml xmlns="http://www.sbml.org/sbml/level3/version1/core" level="3" version="1">
  <model substanceUnits="mole" timeUnits="second" extentUnits="mole">
    <listOfUnitDefinitions>
      <unitDefinition id="per_second">
        <listOfUnits>
          <unit kind="second" exponent="-1" scale="0" multiplier="1"/>
        </listOfUnits>
      </unitDefinition>
      <unitDefinition id="per_min">
        <listOfUnits>
          <unit kind="second" exponent="-1" scale="0" multiplier="60"/>
        </listOfUnits>
      </unitDefinition>
      <unitDefinition id="minute">
        <listOfUnits>
          <unit kind="second" exponent="1" scale="0" multiplier="60"/>
        </listOfUnits>
      </unitDefinition>
      <unitDefinition id="seconds">
        <listOfUnits>
          <unit kind="second" exponent="1" scale="0" multiplier="1"/>
        </listOfUnits>
      </unitDefinition>
      <unitDefinition id="molperLmin">
        <listOfUnits>
          <unit kind="mole" exponent="1" scale="0" multiplier="1"/>
          <unit kind="litre" exponent="-1" scale="0" multiplier="1"/>
          <unit kind="second" exponent="-1" scale="0" multiplier="60"/>
        </listOfUnits>
      </unitDefinition>
      <unitDefinition id="molpermin">
        <listOfUnits>
          <unit kind="second" exponent="-1" scale="0" multiplier="60"/>
        </listOfUnits>
      </unitDefinition>
      <unitDefinition id="molperL">
        <listOfUnits>
          <unit kind="mole" exponent="1" scale="0" multiplier="1"/>
          <unit kind="litre" exponent="-1" scale="0" multiplier="1"/>
        </listOfUnits>
      </unitDefinition>
      <unitDefinition id="mol">
        <listOfUnits>
          <unit kind="mole" exponent="1" scale="0" multiplier="1"/>
        </listOfUnits>
      </unitDefinition>
      <unitDefinition id="Dimension_less">
        <listOfUnits>
          <unit kind="dimensionless" exponent="0" scale="0" multiplier="0"/>
        </listOfUnits>
      </unitDefinition>
      <unitDefinition id="items">
        <listOfUnits>
          <unit kind="item" exponent="1" scale="0" multiplier="1"/>
        </listOfUnits>
      </unitDefinition>
      <unitDefinition id="itemspermol">
        <listOfUnits>
          <unit kind="item" exponent="1" scale="0" multiplier="1"/>
          <unit kind="mole" exponent="-1" scale="0" multiplier="1"/>
        </listOfUnits>
      </unitDefinition>
    </listOfUnitDefinitions>
    <listOfCompartments>
      <compartment id="c1" spatialDimensions="3" size="1" units="litre" constant="true"/>
    </listOfCompartments>
    <listOfSpecies>
      <species id="OD" compartment="c1" initialAmount="0.1" substanceUnits="mole" hasOnlySubstanceUnits="false" boundaryCondition="false" constant="false"/>
    </listOfSpecies>
    <listOfParameters>
      <parameter id="N0" value="10.5" units="Dimension_less" constant="false"/>
      <parameter id="m1" value="3" units="Dimension_less" constant="false"/>
      <parameter id="m2" value="3" units="Dimension_less" constant="false"/>
      <parameter id="tc1" value="70" units="minute" constant="false"/>
      <parameter id="tc2" value="65" units="minute" constant="false"/>
      <parameter id="t" value="240" units="minute" constant="false"/>
    </listOfParameters>
    <listOfRules>
      <assignmentRule variable="a">
        <math xmlns="http://www.w3.org/1998/Math/MathML">
          <apply>
            <divide/>
            <cn type="integer"> 1 </cn>
            <apply>
              <power/>
              <ci> tc1 </ci>
              <ci> m1 </ci>
            </apply>
          </apply>
        </math>
      </assignmentRule>
      <assignmentRule variable="b">
        <math xmlns="http://www.w3.org/1998/Math/MathML">
          <apply>
            <divide/>
            <cn type="integer"> 1 </cn>
            <apply>
              <power/>
              <ci> tc2 </ci>
              <ci> m2 </ci>
            </apply>
          </apply>
        </math>
      </assignmentRule>
      <rateRule variable="OD">
        <math xmlns="http://www.w3.org/1998/Math/MathML">
          <apply>
            <times/>
            <ci> N0 </ci>
            <apply>
              <minus/>
              <apply>
                <times/>
                <ci> a </ci>
                <ci> m1 </ci>
                <apply>
                  <power/>
                  <ci> t </ci>
                  <apply>
                    <minus/>
                    <ci> m1 </ci>
                    <cn type="integer"> 1 </cn>
                  </apply>
                </apply>
              </apply>
              <apply>
                <times/>
                <ci> b </ci>
                <ci> m2 </ci>
                <apply>
                  <power/>
                  <ci> t </ci>
                  <apply>
                    <minus/>
                    <ci> m2 </ci>
                    <cn type="integer"> 1 </cn>
                  </apply>
                </apply>
              </apply>
            </apply>
            <apply>
              <power/>
              <cn> 2.7183 </cn>
              <apply>
                <minus/>
                <apply>
                  <times/>
                  <ci> a </ci>
                  <apply>
                    <power/>
                    <ci> t </ci>
                    <ci> m1 </ci>
                  </apply>
                </apply>
                <apply>
                  <times/>
                  <ci> b </ci>
                  <apply>
                    <power/>
                    <ci> t </ci>
                    <ci> m2 </ci>
                  </apply>
                </apply>
              </apply>
            </apply>
          </apply>
        </math>
      </rateRule>
    </listOfRules>
  </model>
</sbml>
