<?xml version="1.0" encoding="UTF-8"?>
<sbml xmlns="http://www.sbml.org/sbml/level3/version1/core" level="3" version="1">
  <model substanceUnits="mole" timeUnits="second" extentUnits="mole">
    <listOfUnitDefinitions>
      <unitDefinition id="per_second">
        <listOfUnits>
          <unit kind="second" exponent="-1" scale="0" multiplier="1"/>
        </listOfUnits>
      </unitDefinition>
      <unitDefinition id="per_min">
        <listOfUnits>
          <unit kind="second" exponent="-1" scale="0" multiplier="60"/>
        </listOfUnits>
      </unitDefinition>
      <unitDefinition id="minute">
        <listOfUnits>
          <unit kind="second" exponent="1" scale="0" multiplier="60"/>
        </listOfUnits>
      </unitDefinition>
      <unitDefinition id="seconds">
        <listOfUnits>
          <unit kind="second" exponent="1" scale="0" multiplier="1"/>
        </listOfUnits>
      </unitDefinition>
      <unitDefinition id="molperLmin">
        <listOfUnits>
          <unit kind="mole" exponent="1" scale="0" multiplier="1"/>
          <unit kind="litre" exponent="-1" scale="0" multiplier="1"/>
          <unit kind="second" exponent="-1" scale="0" multiplier="60"/>
        </listOfUnits>
      </unitDefinition>
      <unitDefinition id="molpermin">
        <listOfUnits>
          <unit kind="second" exponent="-1" scale="0" multiplier="60"/>
        </listOfUnits>
      </unitDefinition>
      <unitDefinition id="molperL">
        <listOfUnits>
          <unit kind="mole" exponent="1" scale="0" multiplier="1"/>
          <unit kind="litre" exponent="-1" scale="0" multiplier="1"/>
        </listOfUnits>
      </unitDefinition>
      <unitDefinition id="mol">
        <listOfUnits>
          <unit kind="mole" exponent="1" scale="0" multiplier="1"/>
        </listOfUnits>
      </unitDefinition>
      <unitDefinition id="Dimension_less">
        <listOfUnits>
          <unit kind="dimensionless" exponent="0" scale="0" multiplier="0"/>
        </listOfUnits>
      </unitDefinition>
    </listOfUnitDefinitions>
    <listOfCompartments>
      <compartment id="c1" spatialDimensions="3" size="1" units="litre" constant="true"/>
    </listOfCompartments>
    <listOfSpecies>
      <species id="OD" compartment="c1" initialAmount="0.1" substanceUnits="mole" hasOnlySubstanceUnits="false" boundaryCondition="false" constant="false"/>
    </listOfSpecies>
    <listOfParameters>
      <parameter id="r" value="0.0289999999999851" units="per_min" constant="false"/>
      <parameter id="N_asymp" value="1.78382393624243" units="Dimension_less" constant="false"/>
      <parameter id="alpha" value="1.51055511111748" units="Dimension_less" constant="false"/>
      <parameter id="beta" value="4.05952951139353" units="Dimension_less" constant="false"/>
    </listOfParameters>
    <listOfRules>
      <rateRule variable="OD">
        <math xmlns="http://www.w3.org/1998/Math/MathML">
          <apply>
            <times/>
            <ci> r </ci>
            <apply>
              <power/>
              <ci> OD </ci>
              <ci> alpha </ci>
            </apply>
            <apply>
              <power/>
              <apply>
                <minus/>
                <cn type="integer"> 1 </cn>
                <apply>
                  <divide/>
                  <ci> OD </ci>
                  <ci> N_asymp </ci>
                </apply>
              </apply>
              <ci> beta </ci>
            </apply>
          </apply>
        </math>
      </rateRule>
    </listOfRules>
  </model>
</sbml>
